{"cameraMode":{"drawMode":0,"name":"Shaded","section":"Shading Mode"},"sceneLighting":false,"audioPlay":false,"sceneViewState":{"showFog":true,"showMaterialUpdate":true,"showSkybox":false,"showFlares":true,"showImageEffects":true,"showParticleSystems":true},"in2DMode":false,"pivot":{"x":-0.38648104667663576,"y":0.7438935041427612,"z":0.47496891021728518},"rotation":{"x":-0.15022298693656922,"y":0.7950431704521179,"z":-0.219016432762146,"w":-0.545319139957428},"size":0.9489839673042297,"orthographic":false}