{"cameraMode":{"drawMode":0,"name":"Shaded","section":"Shading Mode"},"sceneLighting":false,"audioPlay":false,"sceneViewState":{"showFog":true,"showMaterialUpdate":true,"showSkybox":false,"showFlares":true,"showImageEffects":true,"showParticleSystems":true},"in2DMode":false,"pivot":{"x":493.72210693359377,"y":279.76690673828127,"z":22.2135009765625},"rotation":{"x":0.03201281279325485,"y":0.9660990834236145,"z":-0.14780090749263764,"w":0.20925261080265046},"size":466.4761657714844,"orthographic":false}