{"cameraMode":{"drawMode":0,"name":"Shaded","section":"Shading Mode"},"sceneLighting":false,"audioPlay":false,"sceneViewState":{"showFog":true,"showMaterialUpdate":true,"showSkybox":false,"showFlares":true,"showImageEffects":true,"showParticleSystems":true},"in2DMode":false,"pivot":{"x":-0.2248440384864807,"y":0.8204336166381836,"z":0.2479633092880249},"rotation":{"x":0.0654156357049942,"y":0.9258855581283569,"z":-0.32056760787963869,"w":0.18894080817699433},"size":0.6352843046188355,"orthographic":false}