{"cameraMode":{"drawMode":0,"name":"Shaded","section":"Shading Mode"},"sceneLighting":true,"audioPlay":false,"sceneViewState":{"showFog":true,"showMaterialUpdate":true,"showSkybox":true,"showFlares":true,"showImageEffects":true,"showParticleSystems":true},"in2DMode":false,"pivot":{"x":0.025212109088897706,"y":1.0153172016143799,"z":0.1168663501739502},"rotation":{"x":-0.020801400765776635,"y":0.9747980237007141,"z":-0.10303723067045212,"w":-0.19678851962089539},"size":0.9624258279800415,"orthographic":false}