{"cameraMode":{"drawMode":0,"name":"Shaded","section":"Shading Mode"},"sceneLighting":false,"audioPlay":false,"sceneViewState":{"showFog":true,"showMaterialUpdate":true,"showSkybox":false,"showFlares":true,"showImageEffects":true,"showParticleSystems":true},"in2DMode":false,"pivot":{"x":0.001483619213104248,"y":0.9934101700782776,"z":0.08397984504699707},"rotation":{"x":0.027510471642017366,"y":0.9723787307739258,"z":-0.17123335599899293,"w":0.15622420608997346},"size":0.6352842450141907,"orthographic":false}