{"cameraMode":{"drawMode":0,"name":"Shaded","section":"Shading Mode"},"sceneLighting":true,"audioPlay":false,"sceneViewState":{"showFog":true,"showMaterialUpdate":true,"showSkybox":true,"showFlares":true,"showImageEffects":true,"showParticleSystems":true},"in2DMode":false,"pivot":{"x":1.3449008464813233,"y":-0.02889430522918701,"z":-3.1306934356689455},"rotation":{"x":0.010578627698123455,"y":0.9875320792198181,"z":-0.07600181549787522,"w":0.1374538391828537},"size":2.573467969894409,"orthographic":false}