{"cameraMode":{"drawMode":0,"name":"Shaded","section":"Shading Mode"},"sceneLighting":true,"audioPlay":false,"sceneViewState":{"showFog":true,"showMaterialUpdate":true,"showSkybox":true,"showFlares":true,"showImageEffects":true,"showParticleSystems":true},"in2DMode":false,"pivot":{"x":-3.7515931129455568,"y":-1.8028547763824463,"z":-1.5289949178695679},"rotation":{"x":-0.21534165740013123,"y":0.6178795099258423,"z":-0.18123167753219605,"w":-0.7341727018356323},"size":5.273468494415283,"orthographic":false}